title,date,body_text,link
–ú–∞—Ç—á –£–∫—Ä–∞–∏–Ω–∞ ‚Äî –§–∏–Ω–ª—è–Ω–¥–∏—è —Ä–∞—Å—Å—É–¥–∏—Ç —Ä—É–º—ã–Ω –ö–æ–≤–∞—á,"12 –º–∞—Ä—Ç–∞ 2021, 15:48","–ü–µ—Ä–≤—ã–π –¥–æ–º–∞—à–Ω–∏–π –º–∞—Ç—á —Å–±–æ—Ä–Ω–æ–π –£–∫—Ä–∞–∏–Ω—ã –≤ —Ä–∞–º–∫–∞—Ö –æ—Ç–±–æ—Ä–æ—á–Ω–æ–≥–æ —ç—Ç–∞–ø–∞ –ß–ú-2022 –ø—Ä–æ—Ç–∏–≤ –§–∏–Ω–ª—è–Ω–¥–∏–∏ –æ–±—Å–ª—É–∂–∏—Ç —Ä—É–º—ã–Ω—Å–∫–∞—è –±—Ä–∏–≥–∞–¥–∞ –∞—Ä–±–∏—Ç—Ä–æ–≤ –≤–æ –≥–ª–∞–≤–µ —Å¬†–ò—à—Ç–≤–∞–Ω–æ–º –ö–æ–≤–∞—á–µ–º.–ê—Å—Å–∏—Å—Ç–µ–Ω—Ç–∞–º–∏ –ö–æ–≤–∞—á–∞ –±—É–¥—É—Ç –í–∞—Å–∏–ª–µ –ú–∞—Ä–∏–Ω–µ—Å–∫—É –∏ –ú–∏—Ö–∞–π –ê—Ä—Ç–µ–Ω–µ. –ß–µ—Ç–≤–µ—Ä—Ç—ã–º –∞—Ä–±–∏—Ç—Ä–æ–º –Ω–∞–∑–Ω–∞—á–µ–Ω –û–≤–∏–¥–∏—É –•–∞—Ü–µ–≥–∞–Ω.–î–µ–ª–µ–≥–∞—Ç –§–ò–§–ê ‚Äî –ï–≤–∞ –ì–∞–∂–µ–≤—Å–∫–∞ (–ü–æ–ª—å—à–∞), –∞ —Å—É–¥–µ–π—Å–∫–∏–π –Ω–∞–±–ª—é–¥–∞—Ç–µ–ª—å ‚Äî¬† –£–∏–ª—å—è–º –Ø–Ω–≥ (–®–æ—Ç–ª–∞–Ω–¥–∏—è).–ú–∞—Ç—á –£–∫—Ä–∞–∏–Ω–∞ ‚Äî –§–∏–Ω–ª—è–Ω–¥–∏—è –ø—Ä–æ–π–¥–µ—Ç 28 –º–∞—Ä—Ç–∞ –≤–æ –õ—å–≤–æ–≤–µ.–ù–∞–ø–æ–º–Ω–∏–º, —á—Ç–æ —Å–≤–æ–π –ø—É—Ç—å –≤ –æ—Ç–±–æ—Ä–µ –ß–ú-2022 –ø–æ–¥–æ–ø–µ—á–Ω—ã–µ –ê–Ω–¥—Ä–µ—è –®–µ–≤—á–µ–Ω–∫–æ –Ω–∞—á–Ω—É—Ç –≥–æ—Å—Ç–µ–≤—ã–º –º–∞—Ç—á–µ–º –ø—Ä–æ—Ç–∏–≤ —Å–±–æ—Ä–Ω–æ–π –§—Ä–∞–Ω—Ü–∏–∏ ‚Äî 24 –º–∞—Ä—Ç–∞. –≠—Ç—É –≤—Å—Ç—Ä–µ—á—É –æ–±—Å–ª—É–∂–∏—Ç –Ω–µ–º–µ—Ü–∫–∞—è –±—Ä–∏–≥–∞–¥–∞ –∞—Ä–±–∏—Ç—Ä–æ–≤.–•–æ—á–µ—à—å –±—ã—Ç—å –≤ –∫—É—Ä—Å–µ –≤—Å–µ—Ö —Å–æ–±—ã—Ç–∏–π?¬†Football.ua¬†–∑–∞–ø—É—Å—Ç–∏–ª –ø—Ä–∏–ª–æ–∂–µ–Ω–∏—è –Ω–∞ Android –∏ iOS!

‚Äã–ü–µ—Ä–µ—Ö–æ–¥–∏ –ø–æ —Å—Å—ã–ª–∫–∞–º –∏ –±—É–¥—å –≤ —Ç—Ä–µ–Ω–¥–µ!¬†–ü—Ä–∏–ª–æ–∂–µ–Ω–∏–µ¬†Android,¬†–ü—Ä–∏–ª–æ–∂–µ–Ω–∏–µ¬†iOS.",https://football.ua/ukraine/446251-match-ukraina-finljandija-rassudit-rumyn-kovach.html
–ì–≤–∞—Ä–¥–∏–æ–ª–∞ ‚Äî –ª—É—á—à–∏–π —Ç—Ä–µ–Ω–µ—Ä –ê–ü–õ –≤ —Ñ–µ–≤—Ä–∞–ª–µ,"12 –º–∞—Ä—Ç–∞ 2021, 15:35","–ì–ª–∞–≤–Ω—ã–π —Ç—Ä–µ–Ω–µ—Ä –ú–∞–Ω—á–µ—Å—Ç–µ—Ä –°–∏—Ç–∏ –•–æ—Å–µ–ø –ì–≤–∞—Ä–¥–∏–æ–ª–∞ –ø—Ä–∏–∑–Ω–∞–Ω –ª—É—á—à–∏–º —Ç—Ä–µ–Ω–µ—Ä–æ–º –∞–Ω–≥–ª–∏–π—Å–∫–æ–π –ü—Ä–µ–º—å–µ—Ä-–ª–∏–≥–∏ –ø–æ –∏—Ç–æ–≥–∞–º —Ñ–µ–≤—Ä–∞–ª—è. –û–± —ç—Ç–æ–º —Å–æ–æ–±—â–∞–µ—Ç –ø—Ä–µ—Å—Å-—Å–ª—É–∂–±–∞ –ê–ü–õ.–ü–æ —Ä—É–∫–æ–≤–æ–¥—Å—Ç–≤–æ–º –∏—Å–ø–∞–Ω—Å–∫–æ–≥–æ —Å–ø–µ—Ü–∏–∞–ª–∏—Å—Ç–µ –≤ –ø—Ä–æ—à–ª–æ–º –º–µ—Å—è—Ü–µ ""–≥–æ—Ä–æ–∂–∞–Ω–µ"" –≤—ã–∏–≥—Ä–∞–ª–∏ —à–µ—Å—Ç—å –ø–æ–µ–¥–∏–Ω–∫–æ–≤ –ø–æ–¥—Ä—è–¥.6Ô∏è‚É£ matches, 6Ô∏è‚É£ wins!

It's back-to-back @BarclaysFooty ùêåùêöùêßùêöùê†ùêûùê´ ùê®ùêü ùê≠ùê°ùêû ùêåùê®ùêßùê≠ùê° awards for Pep Guardiola üëè#PLAwards pic.twitter.com/K1kdgqnypX–¢–∞–∫–∏–º –æ–±—Ä–∞–∑–æ–º, –ì–≤–∞—Ä–¥–∏–æ–ª–∞ —Å—Ç–∞–ª –ª—É—á—à–∏–º –Ω–∞—Å—Ç–∞–≤–Ω–∏–∫–æ–º –ê–ü–õ –≤–æ –≤—Ç–æ—Ä–æ–π –º–µ—Å—è—Ü –ø–æ–¥—Ä—è–¥. –î–ª—è –∏—Å–ø–∞–Ω—Ü–∞ —ç—Ç–æ —É–∂–µ –¥–µ–≤—è—Ç–∞—è –Ω–∞–≥—Ä–∞–¥–∞ –∑–∞ –≤—Ä–µ–º—è –µ–≥–æ —Ä–∞–±–æ—Ç—ã –≤ –ê–Ω–≥–ª–∏–∏.–†–∞–Ω–µ–µ —Å–æ–æ–±—â–∞–ª–æ—Å—å, —á—Ç–æ –ª—É—á—à–∏–º –∏–≥—Ä–æ–∫–æ–º —Ñ–µ–≤—Ä–∞–ª—è –≤ –ê–ü–õ –ø—Ä–∏–∑–Ω–∞–Ω –ø–æ–ª—É–∑–∞—â–∏—Ç–Ω–∏–∫ ""–≥–æ—Ä–æ–∂–∞–Ω"" –ò–ª–∫–∞–π –ì—é–Ω–¥–æ–≥–∞–Ω. –û–Ω —Ç–∞–∫–∂–µ –ø–æ–ª—É—á–∏–ª –Ω–∞–≥—Ä–∞–¥—É –≤–æ –≤—Ç–æ—Ä–æ–π –ø–æ–¥—Ä—è–¥.–ü–æ—Å–ª–µ 29 —Ç—É—Ä–æ–≤ –ú–∞–Ω—á–µ—Å—Ç–µ—Ä –°–∏—Ç–∏ —É–≤–µ—Ä–µ–Ω–Ω–æ –ª–∏–¥–∏—Ä—É–µ—Ç –≤ –ê–ü–õ, –æ–ø–µ—Ä–µ–∂–∞—è –ú–∞–Ω—á–µ—Å—Ç–µ—Ä –Æ–Ω–∞–π—Ç–µ–¥ –Ω–∞ 14 –æ—á–∫–æ–≤, –Ω–æ —É ""–∫—Ä–∞—Å–Ω—ã—Ö –¥—å—è–≤–æ–ª–æ–≤"" –µ—Å—Ç—å –æ–¥–Ω–∞ –∏–≥—Ä–∞ –≤ –∑–∞–ø–∞—Å–µ.–•–æ—á–µ—à—å –±—ã—Ç—å –≤ –∫—É—Ä—Å–µ –≤—Å–µ—Ö —Å–æ–±—ã—Ç–∏–π?¬†Football.ua¬†–∑–∞–ø—É—Å—Ç–∏–ª –ø—Ä–∏–ª–æ–∂–µ–Ω–∏—è –Ω–∞ Android –∏ iOS!

‚Äã–ü–µ—Ä–µ—Ö–æ–¥–∏ –ø–æ —Å—Å—ã–ª–∫–∞–º –∏ –±—É–¥—å –≤ —Ç—Ä–µ–Ω–¥–µ!¬†–ü—Ä–∏–ª–æ–∂–µ–Ω–∏–µ¬†Android,¬†–ü—Ä–∏–ª–æ–∂–µ–Ω–∏–µ¬†iOS.",https://football.ua/england/446249-gvardiola-luchshijj-trener-apl-v-fevrale.html
–•–æ–ª–∞–Ω–¥ ‚Äî –ª—É—á—à–∏–π –∏–≥—Ä–æ–∫ –Ω–µ–¥–µ–ª–∏ –≤ –õ–∏–≥–µ —á–µ–º–ø–∏–æ–Ω–æ–≤,12 –º–∞—Ä—Ç–∞ 2021,"–ù–∞–ø–∞–¥–∞—é—â–∏–π –¥–æ—Ä—Ç–º—É–Ω–¥—Å–∫–æ–π –ë–æ—Ä—É—Å—Å–∏–∏ –≠—Ä–ª–∏–Ω–≥ –•–æ–ª–∞–Ω–¥ –ø—Ä–∏–∑–Ω–∞–Ω –ª—É—á—à–∏–º –∏–≥—Ä–æ–∫–æ–º –º–∏–Ω—É–≤—à–µ–π –∏–≥—Ä–æ–≤–æ–π –Ω–µ–¥–µ–ª–∏ –≤ –õ–∏–≥–µ —á–µ–º–ø–∏–æ–Ω–æ–≤. –û–± —ç—Ç–æ–º —Å–æ–æ–±—â–∞–µ—Ç –æ—Ñ–∏—Ü–∏–∞–ª—å–Ω—ã–π —Å–∞–π—Ç –£–ï–§–ê.–í –æ—Ç–≤–µ—Ç–Ω–æ–º –ø–æ–µ–¥–∏–Ω–∫–µ 1/8 —Ñ–∏–Ω–∞–ª–∞ –õ–∏–≥–∏ —á–µ–º–ø–∏–æ–Ω–æ–≤ ""—à–º–µ–ª–∏"" —Ä–∞—Å–ø–∏—Å–∞–ª–∏ –º–∏—Ä–æ–≤—É—é —Å –°–µ–≤–∏–ª—å–µ–π (2:2) –∏ –æ–±–∞ –º—è—á–∞ –≤ —Å–æ—Å—Ç–∞–≤–µ –¥–æ—Ä—Ç–º—É–Ω–¥—Å–∫–æ–π –∫–æ–º–∞–Ω–¥—ã –∑–∞–±–∏–ª –Ω–æ—Ä–≤–µ–∂—Å–∫–∏–π —Ñ–æ—Ä–≤–∞—Ä–¥. –ò–º–µ–Ω–Ω–æ –∫–æ–º–∞–Ω–¥–∞ –ø—Ä–æ—à–ª–∞ –≤ —á–µ—Ç–≤–µ—Ä—Ç—å—Ñ–∏–Ω–∞–ª –∑–∞ —Å—á–µ—Ç –ø–æ–±–µ–¥—ã –≤ –ø–µ—Ä–≤–æ–π –∏–≥—Ä–µ —Å–æ —Å—á–µ—Ç–æ–º 3:2.–ü–æ–º–∏–º–æ –•–æ–ª–∞–Ω–¥–∞ –Ω–∞ –Ω–∞–≥—Ä–∞–¥—É –ø—Ä–µ—Ç–µ–Ω–¥–æ–≤–∞–ª–∏ –ø–æ–ª—É–∑–∞—â–∏—Ç–Ω–∏–∫ –ü–æ—Ä—Ç—É –°–µ—Ä–∂–∏—É –û–ª–∏–≤–µ–π—Ä–∞, —Ö–∞–≤–±–µ–∫ –õ–∏–≤–µ—Ä–ø—É–ª—è –§–∞–±–∏–Ω—å–æ –∏ –≥–æ–ª–∫–∏–ø–µ—Ä –ü–°–≠ –ö–µ–π–ª–æ—Ä –ù–∞–≤–∞—Å.–•–æ—á–µ—à—å –±—ã—Ç—å –≤ –∫—É—Ä—Å–µ –≤—Å–µ—Ö —Å–æ–±—ã—Ç–∏–π?¬†Football.ua¬†–∑–∞–ø—É—Å—Ç–∏–ª –ø—Ä–∏–ª–æ–∂–µ–Ω–∏—è –Ω–∞ Android –∏ iOS!

‚Äã–ü–µ—Ä–µ—Ö–æ–¥–∏ –ø–æ —Å—Å—ã–ª–∫–∞–º –∏ –±—É–¥—å –≤ —Ç—Ä–µ–Ω–¥–µ!¬†–ü—Ä–∏–ª–æ–∂–µ–Ω–∏–µ¬†Android,¬†–ü—Ä–∏–ª–æ–∂–µ–Ω–∏–µ¬†iOS.",https://champions.football.ua/news/446246-kholand-luchshijj-igrok-nedeli-v-lige-chempionov.html
–ì—é–Ω–¥–æ–≥–∞–Ω –≤—Ç–æ—Ä–æ–π –º–µ—Å—è—Ü –ø–æ–¥—Ä—è–¥ –ø—Ä–∏–∑–Ω–∞–Ω –ª—É—á—à–∏–º –∏–≥—Ä–æ–∫–æ–º –≤ –ê–ü–õ,"12 –º–∞—Ä—Ç–∞ 2021, 14:07","–ü–æ–ª—É–∑–∞—â–∏—Ç–Ω–∏–∫ –ú–∞–Ω—á–µ—Å—Ç–µ—Ä –°–∏—Ç–∏ –ò–ª–∫–∞–π –ì—é–Ω–¥–æ–≥–∞–Ω –ø—Ä–∏–∑–Ω–∞–Ω –ª—É—á—à–∏–º –∏–≥—Ä–æ–∫–æ–º –∞–Ω–≥–ª–∏–π—Å–∫–æ–π –ü—Ä–µ–º—å–µ—Ä-–ª–∏–≥–∏ –ø–æ –∏—Ç–æ–≥–∞–º —Ñ–µ–≤—Ä–∞–ª—è. –û–± —ç—Ç–æ–º —Å–æ–æ–±—â–∞–µ—Ç –ø—Ä–µ—Å—Å-—Å–ª—É–∂–±–∞ –ê–ü–õ.–í –ø—Ä–æ—à–ª–æ–º –º–µ—Å—è—Ü–µ –Ω–µ–º–µ—Ü–∫–∏–π —Ö–∞–≤–±–µ–∫ –ø—Ä–æ–≤–µ–ª –ø—è—Ç—å –ø–æ–µ–¥–∏–Ω–∫–æ–≤ –≤ —á–µ–º–ø–∏–æ–Ω–∞—Ç–µ –ê–Ω–≥–ª–∏–∏, –≤ –∫–æ—Ç–æ—Ä—ã—Ö —Å–º–æ–≥ –∑–∞–±–∏—Ç—å —á–µ—Ç—ã—Ä–µ –º—è—á–∞ –∏ –æ—Ç–¥–∞—Ç—å –æ–¥–Ω—É –≥–æ–ª–µ–≤—É—é –ø–µ—Ä–µ–¥–∞—á—É.ùóïùóÆùó∞ùó∏-ùòÅùóº-ùóØùóÆùó∞ùó∏ üí™

Your February @premierleague Player of the Month is... @IlkayGuendogan üî•üî∑#FIFA21 #FUT #PL #POTM pic.twitter.com/kkDIwfUizF–¢–∞–∫–∏–º –æ–±—Ä–∞–∑–æ–º, –ì—é–Ω–¥–æ–≥–∞–Ω —Å–º–æ–≥ –¥–æ–±—ã—Ç—å –Ω–∞–≥—Ä–∞–¥—É –ª—É—á—à–µ–º—É –∏–≥—Ä–æ–∫—É –º–µ—Å—è—Ü–∞ –≤–æ –≤—Ç–æ—Ä–æ–π —Ä–∞–∑ –ø–æ–¥—Ä—è–¥. –¢–∞–∫–∂–µ –æ–Ω —Å—Ç–∞–ª –ø–µ—Ä–≤—ã–º –Ω–µ–º–µ—Ü–∫–∏–º —Ñ—É—Ç–±–æ–ª–∏—Å—Ç–æ–º, –∫–æ—Ç–æ—Ä—ã–π –≤—ã–∏–≥—Ä–∞–ª –Ω–∞–≥—Ä–∞–¥—É –±–æ–ª–µ–µ –æ–¥–Ω–æ–≥–æ —Ä–∞–∑–∞.–í –Ω—ã–Ω–µ—à–Ω–µ–º —Å–µ–∑–æ–Ω–µ –ì—é–Ω–¥–æ–≥–∞–Ω –ø—Ä–æ–≤–µ–ª 32 –ø–æ–µ–¥–∏–Ω–∫–∞, –≤ –∫–æ—Ç–æ—Ä—ã—Ö –∑–∞–±–∏–ª 14 –≥–æ–ª–æ–≤ –∏ –æ—Ç–¥–∞–ª 3 –∞—Å—Å–∏—Å—Ç–∞.–•–æ—á–µ—à—å –±—ã—Ç—å –≤ –∫—É—Ä—Å–µ –≤—Å–µ—Ö —Å–æ–±—ã—Ç–∏–π?¬†Football.ua¬†–∑–∞–ø—É—Å—Ç–∏–ª –ø—Ä–∏–ª–æ–∂–µ–Ω–∏—è –Ω–∞ Android –∏ iOS!

‚Äã–ü–µ—Ä–µ—Ö–æ–¥–∏ –ø–æ —Å—Å—ã–ª–∫–∞–º –∏ –±—É–¥—å –≤ —Ç—Ä–µ–Ω–¥–µ!¬†–ü—Ä–∏–ª–æ–∂–µ–Ω–∏–µ¬†Android,¬†–ü—Ä–∏–ª–æ–∂–µ–Ω–∏–µ¬†iOS.",https://football.ua/england/446244-gjundogan-vtorojj-mesjac-podrjad-priznan-luchshim-igrokom-v-apl.html
"–®–∞–ø–∞—Ä–µ–Ω–∫–æ ‚Äî –ª—É—á—à–∏–π –∏–≥—Ä–æ–∫ –î–∏–Ω–∞–º–æ –≤ –º–∞—Ç—á–µ –ø—Ä–æ—Ç–∏–≤ –í–∏–ª—å—è—Ä—Ä–µ–∞–ª–∞ –ø–æ –≤–µ—Ä—Å–∏–∏ Instat, –ú–∏–∫–æ–ª–µ–Ω–∫–æ ‚Äî —Ö—É–¥—à–∏–π","12 –º–∞—Ä—Ç–∞ 2021, 13:56","–î–∏–Ω–∞–º–æ –≤ —Ä–∞–º–∫–∞—Ö –ø–µ—Ä–≤–æ–≥–æ –ø–æ–µ–¥–∏–Ω–∫–∞ 1/8 —Ñ–∏–Ω–∞–ª–∞ –õ–∏–≥–∏ –ï–≤—Ä–æ–ø—ã –ø—Ä–∏–Ω–∏–º–∞–ª–æ –Ω–∞ —Å–≤–æ–µ–º –ø–æ–ª–µ –í–∏–ª—å—è—Ä—Ä–µ–∞–ª –∏¬†–ø–æ—Ç–µ—Ä–ø–µ–ª–æ –ø–æ—Ä–∞–∂–µ–Ω–∏–µ —Å–æ —Å—á–µ—Ç–æ–º 0:2.–°—Ç–∞—Ç–∏—Å—Ç–∏—á–µ—Å–∫–∏–π –ø–æ—Ä—Ç–∞–ª Instat —Ç—Ä–∞–¥–∏—Ü–∏–æ–Ω–Ω–æ –æ—Ü–µ–Ω–∏–ª –∏–≥—Ä—É —Ñ—É—Ç–±–æ–ª–∏—Å—Ç–æ–≤. –¢–∞–∫, –ª—É—á—à—É—é –æ—Ü–µ–Ω–∫—É –≤ —Å—Ç–∞–Ω–µ –∫–∏–µ–≤–ª—è–Ω –ø–æ–ª—É—á–∏–ª –ù–∏–∫–æ–ª–∞–π –®–∞–ø–∞—Ä–µ–Ω–∫–æ ‚Äî –µ–≥–æ –∏–Ω–¥–µ–∫—Å —Å–æ—Å—Ç–∞–≤–∏–ª 297.–•—É–¥—à–∏–º –Ω–∞ –ø–æ–ª–µ, –≤ —Å–≤–æ—é –æ—á–µ—Ä–µ–¥—å, –±—ã–ª –∑–∞—â–∏—Ç–Ω–∏–∫ –î–∏–Ω–∞–º–æ –í–∏—Ç–∞–ª–∏–π –ú–∏–∫–æ–ª–µ–Ω–∫–æ, –ø–æ–∫–∞–∑–∞—Ç–µ–ª—å –∫–æ—Ç–æ—Ä–æ–≥–æ —Å–æ—Å—Ç–∞–≤–∏–ª –≤—Å–µ–≥–æ –ª–∏—à—å 217.–ù–∞ Football.ua –¥–æ—Å—Ç—É–ø–Ω–æ –≤–∏–¥–µ–æ –≥–æ–ª–æ–≤ –∏ –æ–±–∑–æ—Ä –º–∞—Ç—á–∞¬†–î–∏–Ω–∞–º–æ ‚Äî –í–∏–ª—å—è—Ä—Ä–µ–∞–ª.¬†",https://football.ua/uefa/446242-shaparenko-luchshijj-igrok-dinamo-v-matche-protiv-viljarreala-po-versii-instat-mikolenko-khudshijj.html
"–î–æ–¥–æ ‚Äî –ª—É—á—à–∏–π –∏–≥—Ä–æ–∫ –®–∞—Ö—Ç–µ—Ä–∞ –≤ –º–∞—Ç—á–µ –ø—Ä–æ—Ç–∏–≤ –†–æ–º—ã –ø–æ –≤–µ—Ä—Å–∏–∏ Instat, –ú–æ—Ä–∞–µ—Å ‚Äî —Ö—É–¥—à–∏–π","12 –º–∞—Ä—Ç–∞ 2021, 13:28","–®–∞—Ö—Ç–µ—Ä –≤ —Ä–∞–º–∫–∞—Ö –ø–æ–µ–¥–∏–Ω–∫–∞ 1/8 —Ñ–∏–Ω–∞–ª–∞ –õ–∏–≥–∏ –ï–≤—Ä–æ–ø—ã –æ—Ç–ø—Ä–∞–≤–∏–ª—Å—è –≤ –≥–æ—Å—Ç–∏ –∫ –†–æ–º–µ –∏¬†–ø–æ—Ç–µ—Ä–ø–µ–ª —Ä–∞–∑–≥—Ä–æ–º–Ω–æ–µ –ø–æ—Ä–∞–∂–µ–Ω–∏–µ.–°—Ç–∞—Ç–∏—Å—Ç–∏—á–µ—Å–∫–∏–π –ø–æ—Ä—Ç–∞–ª Instat –ø—Ä–æ–∞–Ω–∞–ª–∏–∑–∏—Ä–æ–≤–∞–ª –¥–µ–π—Å—Ç–≤–∏—è —Ñ—É—Ç–±–æ–ª–∏—Å—Ç–æ–≤. –¢–∞–∫, –ª—É—á—à–∏–º –≤ —Å–æ—Å—Ç–∞–≤–µ ""–≥–æ—Ä–Ω—è–∫–æ–≤"" —Å—Ç–∞–ª –î–æ–¥–æ, –∏–Ω–¥–µ–∫—Å –∫–æ—Ç–æ—Ä–æ–≥–æ —Å–æ—Å—Ç–∞–≤–∏–ª 301.–•—É–¥—à–∏–º –≤ —Å–æ—Å—Ç–∞–≤–µ —á–µ–º–ø–∏–æ–Ω–∞ –£–∫—Ä–∞–∏–Ω—ã —Å—Ä–µ–¥–∏ –∏–≥—Ä–æ–∫–æ–≤, –∫–æ—Ç–æ—Ä—ã–µ –≤—ã—à–ª–∏ –≤ —Å—Ç–∞—Ä—Ç–µ, –æ–∫–∞–∑–∞–ª—Å—è –Ω–∞–ø–∞–¥–∞—é—â–∏–π –ñ—É–Ω–∏–æ—Ä –ú–æ—Ä–∞–µ—Å —Å –ø–æ–∫–∞–∑–∞—Ç–µ–ª–µ–º 219.–ù–∞–ø–æ–º–Ω–∏–º, —á—Ç–æ –í–∏—Ç–∞–æ ‚Äî —Ö—É–¥—à–∏–π –∏–≥—Ä–æ–∫ –®–∞—Ö—Ç–µ—Ä–∞ –≤ –º–∞—Ç—á–µ –ø—Ä–æ—Ç–∏–≤ –†–æ–º—ã –ø–æ –≤–µ—Ä—Å–∏–∏ Whoscored.",https://football.ua/uefa/446240-dodo-luchshijj-igrok-shakhtera-v-matche-protiv-romy-po-versii-instat-moraes-khudshijj.html
–¢–∞–±–ª–∏—Ü–∞ –∫–æ—ç—Ñ—Ñ–∏—Ü–∏–µ–Ω—Ç–æ–≤ –£–ï–§–ê: –£–∫—Ä–∞–∏–Ω–∞ –æ—Ç–ø—É—Å—Ç–∏–ª–∞ –®–æ—Ç–ª–∞–Ω–¥–∏—é,"12 –º–∞—Ä—Ç–∞ 2021, 12:57","–ó–∞–≤–µ—Ä—à–∏–ª–∞—Å—å –æ—á–µ—Ä–µ–¥–Ω–∞—è –µ–≤—Ä–æ–∫—É–±–∫–æ–≤–∞—è –Ω–µ–¥–µ–ª—è, –≤ —Ö–æ–¥–µ –∫–æ—Ç–æ—Ä–æ–π —É–∫—Ä–∞–∏–Ω—Å–∫–∏–µ –∫–ª—É–±—ã —É—Å—Ç—É–ø–∏–ª–∏ –≤ –ø–µ—Ä–≤—ã—Ö –º–∞—Ç—á–∞—Ö 1/8 —Ñ–∏–Ω–∞–ª–∞ –õ–∏–≥–∏ –ï–≤—Ä–æ–ø—ã.–î–µ–π—Å—Ç–≤—É—é—â–∏–π —á–µ–º–ø–∏–æ–Ω –£–∫—Ä–∞–∏–Ω—ã, –¥–æ–Ω–µ—Ü–∫–∏–π –®–∞—Ö—Ç–µ—Ä, –≤ –≥–æ—Å—Ç—è—Ö –ø—Ä–æ–∏–≥—Ä–∞–ª –†–æ–º–µ (0:3), –∞ –∫–∏–µ–≤—Å–∫–æ–µ –î–∏–Ω–∞–º–æ, –≤ —Å–≤–æ—é –æ—á–µ—Ä–µ–¥—å,¬†–Ω–∞ –ù–°–ö –û–ª–∏–º–ø–∏–π—Å–∫–∏–π —É—Å—Ç—É–ø–∏–ª –í–∏–ª—å—è—Ä—Ä–µ–∞–ª—É (0:2). –û—Ç–≤–µ—Ç–Ω—ã–µ –º–∞—Ç—á–∏ –ø—Ä–æ–π–¥—É—Ç —á–µ—Ä–µ–∑ –Ω–µ–¥–µ–ª—é.–ü–æ –∏—Ç–æ–≥–∞–º —ç—Ç–æ–π –µ–≤—Ä–æ–∫—É–±–∫–æ–≤–æ–π –Ω–µ–¥–µ–ª–∏, —É–∫—Ä–∞–∏–Ω—Å–∫–∏–µ –∫–ª—É–±—ã –Ω–µ –∑–∞—Ä–∞–±–æ—Ç–∞–ª–∏ –¥–ª—è –Ω–∞—à–µ–π —Å—Ç—Ä–∞–Ω—ã –Ω–∏ –æ–¥–Ω–æ–≥–æ –æ—á–∫–∞ –∏ –æ—Å—Ç–∞–ª–∞—Å—å –Ω–∞ 12-–º –º–µ—Å—Ç–µ —Å —Ä–µ–π—Ç–∏–Ω–≥–æ–º 33.100.¬†–≠—Ç–æ —Å—ã–≥—Ä–∞–ª–æ –Ω–∞ —Ä—É–∫—É –®–æ—Ç–ª–∞–Ω–¥–∏–∏, –≥–¥–µ –†–µ–π–Ω–¥–∂–µ—Ä—Å –≤ –≥–æ—Å—Ç—è—Ö —Ä–∞—Å–ø–∏—Å–∞–ª –º–∏—Ä–æ–≤—É—é —Å–æ –°–ª–∞–≤–∏–µ–π (1:1), –∫–æ—Ç–æ—Ä—ã–π –ø—Ä–∏–Ω–µ—Å —Å–≤–æ–µ–π —Å—Ç—Ä–∞–Ω–µ 0,25 –±–∞–ª–ª–∞.¬†–¢–µ–ø–µ—Ä—å —Ä–∞–∑—Ä—ã–≤ –º–µ–∂–¥—É –£–∫—Ä–∞–∏–Ω–æ–π –∏ –®–æ—Ç–ª–∞–Ω–¥–∏–µ–π –≤ —Ç–∞–±–ª–∏—Ü–µ —Å–æ—Å—Ç–∞–≤–ª—è–µ—Ç 0,275 –±–∞–ª–ª–∞.–†–µ–π—Ç–∏–Ω–≥ –∞—Å—Å–æ—Ü–∏–∞—Ü–∏–π –£–ï–§–ê:–°–∏—Å—Ç–µ–º–∞ –Ω–∞—á–∏—Å–ª–µ–Ω–∏—è –æ—á–∫–æ–≤

–ö–æ—ç—Ñ—Ñ–∏—Ü–∏–µ–Ω—Ç—ã –∫–ª—É–±–æ–≤ –∞—Å—Å–æ—Ü–∏–∞—Ü–∏–∏¬†—Å–æ—Å—Ç–∞–≤–ª—è—é—Ç—Å—è –Ω–∞ –æ—Å–Ω–æ–≤–∞–Ω–∏–∏ —Ä–µ–∑—É–ª—å—Ç–∞—Ç–æ–≤ –≤—Å–µ—Ö –∫–ª—É–±–æ–≤ –∞—Å—Å–æ—Ü–∏–∞—Ü–∏–∏ –≤ –õ–∏–≥–µ —á–µ–º–ø–∏–æ–Ω–æ–≤ –£–ï–§–ê –∏ –õ–∏–≥–µ –ï–≤—Ä–æ–ø—ã –£–ï–§–ê –∑–∞ –ø–æ—Å–ª–µ–¥–Ω–∏–µ –ø—è—Ç—å —Å–µ–∑–æ–Ω–æ–≤. –†–µ–π—Ç–∏–Ω–≥–∏ –æ–ø—Ä–µ–¥–µ–ª—è—é—Ç –∫–æ–ª–∏—á–µ—Å—Ç–≤–æ –º–µ—Å—Ç –¥–ª—è –∫–∞–∂–¥–æ–π –∞—Å—Å–æ—Ü–∏–∞—Ü–∏–∏ (—Å—Ç—Ä–∞–Ω—ã) –≤ –±—É–¥—É—â–∏—Ö –∫–ª—É–±–Ω—ã—Ö —Å–æ—Ä–µ–≤–Ω–æ–≤–∞–Ω–∏—è—Ö –£–ï–§–ê.1. –ö–∞–∂–¥–∞—è –∫–æ–º–∞–Ω–¥–∞ –ø–æ–ª—É—á–∞–µ—Ç –¥–≤–∞ –æ—á–∫–∞ –∑–∞ –ø–æ–±–µ–¥—É –∏ –æ–¥–Ω–æ –æ—á–∫–æ –∑–∞ –Ω–∏—á—å—é (–æ—á–∫–∏, –Ω–∞–±—Ä–∞–Ω–Ω—ã–µ –≤ –∫–≤–∞–ª–∏—Ñ–∏–∫–∞—Ü–∏–∏ –∏ —Ä–∞—É–Ω–¥–µ –ø–ª–µ–π-–æ—Ñ—Ñ, –¥–µ–ª—è—Ç—Å—è –ø–æ–ø–æ–ª–∞–º).2. –ö–ª—É–±–∞–º, –∫–æ—Ç–æ—Ä—ã–µ –ø—Ä–æ–±–∏–≤–∞—é—Ç—Å—è –≤ 1/8 —Ñ–∏–Ω–∞–ª–∞, —á–µ—Ç–≤–µ—Ä—Ç—å—Ñ–∏–Ω–∞–ª, –ø–æ–ª—É—Ñ–∏–Ω–∞–ª –∏ —Ñ–∏–Ω–∞–ª –õ–∏–≥–∏ —á–µ–º–ø–∏–æ–Ω–æ–≤ –£–ï–§–ê –∏–ª–∏ —á–µ—Ç–≤–µ—Ä—Ç—å—Ñ–∏–Ω–∞–ª, –ø–æ–ª—É—Ñ–∏–Ω–∞–ª –∏ —Ñ–∏–Ω–∞–ª –õ–∏–≥–∏ –ï–≤—Ä–æ–ø—ã –£–ï–§–ê, –Ω–∞—á–∏—Å–ª—è–µ—Ç—Å—è –ø–æ –æ–¥–Ω–æ–º—É –¥–æ–ø–æ–ª–Ω–∏—Ç–µ–ª—å–Ω–æ–º—É –±–∞–ª–ª—É –∑–∞ –∫–∞–∂–¥—ã–π —Ä–∞—É–Ω–¥.3. –ö—Ä–æ–º–µ —Ç–æ–≥–æ, —á–µ—Ç—ã—Ä–µ –æ—á–∫–∞ –Ω–∞—á–∏—Å–ª—è—é—Ç—Å—è –∑–∞ —É—á–∞—Å—Ç–∏–µ –≤ –≥—Ä—É–ø–ø–æ–≤–æ–º —ç—Ç–∞–ø–µ –õ–∏–≥–∏ —á–µ–º–ø–∏–æ–Ω–æ–≤ –£–ï–§–ê –∏ –µ—â–µ —á–µ—Ç—ã—Ä–µ –æ—á–∫–∞ ‚Äî –∑–∞ –≤—ã—Ö–æ–¥ –≤ –ø–ª–µ–π-–æ—Ñ—Ñ.–†–∞—Å—á–µ—Ç¬†–∫–æ—ç—Ñ—Ñ–∏—Ü–∏–µ–Ω—Ç–∞–ö–æ—ç—Ñ—Ñ–∏—Ü–∏–µ–Ω—Ç –ø—Ä–µ–¥—Å—Ç–∞–≤–ª—è–µ—Ç —Å–æ–±–æ–π —Å—É–º–º—É —Å—Ä–µ–¥–Ω–µ–≥–æ –∑–Ω–∞—á–µ–Ω–∏—è –∑–∞ —Ç–µ–∫—É—â–∏–π —Å–µ–∑–æ–Ω (–æ–±—â–µ–µ –∫–æ–ª–∏—á–µ—Å—Ç–≤–æ –Ω–∞–±—Ä–∞–Ω–Ω—ã—Ö –±–∞–ª–ª–æ–≤ –¥–µ–ª–∏—Ç—Å—è –Ω–∞ —á–∏—Å–ª–æ –∫–ª—É–±–æ–≤ –∞—Å—Å–æ—Ü–∏–∞—Ü–∏–∏, —É—á–∞—Å—Ç–≤—É—é—â–∏—Ö –≤ –µ–≤—Ä–æ–∫—É–±–∫–æ–≤–æ–º —Å–µ–∑–æ–Ω–µ) –∏ —Ä–µ–∑—É–ª—å—Ç–∞—Ç–æ–≤ –ø—Ä–µ–¥—ã–¥—É—â–∏—Ö —á–µ—Ç—ã—Ä–µ—Ö —Å–µ–∑–æ–Ω–æ–≤. –ï—Å–ª–∏ –¥–≤–µ –∞—Å—Å–æ—Ü–∏–∞—Ü–∏–∏ –±—É–¥—É—Ç –∏–º–µ—Ç—å –æ–¥–∏–Ω–∞–∫–æ–≤—ã–π –∫–æ—ç—Ñ—Ñ–∏—Ü–∏–µ–Ω—Ç, –±–æ–ª–µ–µ –≤—ã—Å–æ–∫–æ–µ –º–µ—Å—Ç–æ –∑–∞–π–º–µ—Ç —Å—Ç—Ä–∞–Ω–∞ —Å –±–æ–ª–µ–µ –≤—ã—Å–æ–∫–∏–º –∫–æ—ç—Ñ—Ñ–∏—Ü–∏–µ–Ω—Ç–æ–º –∑–∞ –ø–æ—Å–ª–µ–¥–Ω–∏–π —Å–µ–∑–æ–Ω.–†–µ–π—Ç–∏–Ω–≥–∏ –æ–±–Ω–æ–≤–ª—è—é—Ç—Å—è –ø–æ—Å–ª–µ –∫–∞–∂–¥–æ–≥–æ —Ä–∞—É–Ω–¥–∞ –∫–ª—É–±–Ω—ã—Ö —Å–æ—Ä–µ–≤–Ω–æ–≤–∞–Ω–∏–π –ø–æ–¥ —ç–≥–∏–¥–æ–π –£–ï–§–ê.–ñ–µ–ª–∞–µ—Ç–µ —É–∑–Ω–∞–≤–∞—Ç—å –≥–ª–∞–≤–Ω—ã–µ —Ñ—É—Ç–±–æ–ª—å–Ω—ã–µ –Ω–æ–≤–æ—Å—Ç–∏ –ø–µ—Ä–≤—ã–º–∏?¬†–ü–æ–¥–ø–∏—Å—ã–≤–∞–π—Ç–µ—Å—å –Ω–∞¬†–Ω–∞—à –∫–∞–Ω–∞–ª –≤¬†Telegram!¬†–°–ª–µ–¥–∏—Ç—å –∑–∞ –Ω–∞—à–∏–º —Å–∞–π—Ç–æ–º –≤—ã —Ç–∞–∫–∂–µ –º–æ–∂–µ—Ç–µ –≤¬†Viber¬†–∏¬†Twitter.",https://football.ua/countrieselse/362545-rejjting-associacijj-uefa.html
–ê–≥–µ–Ω—Ç –†–æ–Ω–∞–ª–¥—É –æ–±—Å—É–¥–∏–ª —Å –†–µ–∞–ª–æ–º –≤–æ–∑–º–æ–∂–Ω–æ—Å—Ç—å –≤–æ–∑–≤—Ä–∞—â–µ–Ω–∏—è –∏–≥—Ä–æ–∫–∞ ‚Äî –°–ú–ò,"12 –º–∞—Ä—Ç–∞ 2021, 11:40","–ù–∞–ø–∞–¥–∞—é—â–∏–π —Ç—É—Ä–∏–Ω—Å–∫–æ–≥–æ –Æ–≤–µ–Ω—Ç—É—Å–∞ –ö—Ä–∏—à—Ç–∏–∞–Ω—É –†–æ–Ω–∞–ª–¥—É –º–æ–∂–µ—Ç —Å–Ω–æ–≤–∞ —Å—Ç–∞—Ç—å –∏–≥—Ä–æ–∫–æ–º –º–∞–¥—Ä–∏–¥—Å–∫–æ–≥–æ –†–µ–∞–ª–∞. –û–± —ç—Ç–æ–º —Å–æ–æ–±—â–∞–µ—Ç¬†El Chiringuito.–ü–æ –∏–Ω—Ñ–æ—Ä–º–∞—Ü–∏–∏ –∏—Å—Ç–æ—á–Ω–∏–∫–∞, –∞–≥–µ–Ω—Ç –ø–æ—Ä—Ç—É–≥–∞–ª—å—Å–∫–æ–≥–æ —Ñ–æ—Ä–≤–∞—Ä–¥–∞ –ñ–æ—Ä–∂–µ –ú–µ–Ω–¥–µ—à —É–∂–µ –æ–±—Å—É–¥–∏–ª –≤–æ–∑–º–æ–∂–Ω–æ—Å—Ç—å –≤–æ–∑–≤—Ä–∞—â–µ–Ω–∏—è —Ñ—É—Ç–±–æ–ª–∏—Å—Ç–∞ –≤ –∏—Å–ø–∞–Ω—Å–∫–∏–π –∫–ª—É–±.–†–∞–Ω–µ–µ —Å–æ–æ–±—â–∞–ª–æ—Å—å, —á—Ç–æ –≤ —É—Å–ª—É–≥–∞—Ö –†–æ–Ω–∞–ª–¥—É –∑–∞–∏–Ω—Ç–µ—Ä–µ—Å–æ–≤–∞–Ω –ü–°–ñ. ""–°—Ç–∞—Ä–∞—è —Å–∏–Ω—å–æ—Ä–∞"" –≥–æ—Ç–æ–≤–∞ –æ—Ç–ø—É—Å—Ç–∏—Ç—å —Ñ—É—Ç–±–æ–ª–∏—Å—Ç–∞ –∑–∞ 60 –º–ª–Ω –µ–≤—Ä–æ. –ï–≥–æ –∫–æ–Ω—Ç—Ä–∞–∫—Ç —Ä–∞—Å—Å—á–∏—Ç–∞–Ω –¥–æ –ª–µ—Ç–∞ 2022 –≥–æ–¥–∞.–†–æ–Ω–∞–ª–¥—É –≤—ã—Å—Ç—É–ø–∞–ª –≤ —Å–æ—Å—Ç–∞–≤–µ ""—Å–ª–∏–≤–æ—á–Ω—ã—Ö"" —Å 2009 –ø–æ 2018 –≥–æ–¥ –∏ –∑–∞ —ç—Ç–æ –≤—Ä–µ–º—è —Å—Ç–∞–ª –ª—É—á—à–∏–º –±–æ–º–±–∞—Ä–¥–∏—Ä–æ–º –≤ –∏—Å—Ç–æ—Ä–∏–∏ –∫–ª—É–±–∞, –∑–∞–±–∏–≤ 450 –º—è—á–µ–π.–•–æ—á–µ—à—å –±—ã—Ç—å –≤ –∫—É—Ä—Å–µ –≤—Å–µ—Ö —Å–æ–±—ã—Ç–∏–π?¬†Football.ua¬†–∑–∞–ø—É—Å—Ç–∏–ª –ø—Ä–∏–ª–æ–∂–µ–Ω–∏—è –Ω–∞ Android –∏ iOS!

‚Äã–ü–µ—Ä–µ—Ö–æ–¥–∏ –ø–æ —Å—Å—ã–ª–∫–∞–º –∏ –±—É–¥—å –≤ —Ç—Ä–µ–Ω–¥–µ!¬†–ü—Ä–∏–ª–æ–∂–µ–Ω–∏–µ¬†Android,¬†–ü—Ä–∏–ª–æ–∂–µ–Ω–∏–µ¬†iOS.",https://football.ua/italy/446233-agent-ronaldu-obsudil-s-realom-vozmozhnost-vozvrashhenija-igroka-smi.html
